-- MySQL dump 10.13  Distrib 8.0.44, for Win64 (x86_64)
--
-- Host: 127.0.0.1    Database: marketdb
-- ------------------------------------------------------
-- Server version	9.5.0

/*!40101 SET @OLD_CHARACTER_SET_CLIENT=@@CHARACTER_SET_CLIENT */;
/*!40101 SET @OLD_CHARACTER_SET_RESULTS=@@CHARACTER_SET_RESULTS */;
/*!40101 SET @OLD_COLLATION_CONNECTION=@@COLLATION_CONNECTION */;
/*!50503 SET NAMES utf8 */;
/*!40103 SET @OLD_TIME_ZONE=@@TIME_ZONE */;
/*!40103 SET TIME_ZONE='+00:00' */;
/*!40014 SET @OLD_UNIQUE_CHECKS=@@UNIQUE_CHECKS, UNIQUE_CHECKS=0 */;
/*!40014 SET @OLD_FOREIGN_KEY_CHECKS=@@FOREIGN_KEY_CHECKS, FOREIGN_KEY_CHECKS=0 */;
/*!40101 SET @OLD_SQL_MODE=@@SQL_MODE, SQL_MODE='NO_AUTO_VALUE_ON_ZERO' */;
/*!40111 SET @OLD_SQL_NOTES=@@SQL_NOTES, SQL_NOTES=0 */;
SET @MYSQLDUMP_TEMP_LOG_BIN = @@SESSION.SQL_LOG_BIN;
SET @@SESSION.SQL_LOG_BIN= 0;

--
-- GTID state at the beginning of the backup 
--

SET @@GLOBAL.GTID_PURGED=/*!80000 '+'*/ '91a777e0-b256-11f0-b532-88a4c2bfaf5f:1-205';

--
-- Table structure for table `addresses`
--

DROP TABLE IF EXISTS `addresses`;
/*!40101 SET @saved_cs_client     = @@character_set_client */;
/*!50503 SET character_set_client = utf8mb4 */;
CREATE TABLE `addresses` (
  `id` int NOT NULL AUTO_INCREMENT,
  `name` varchar(255) NOT NULL COMMENT 'ž¦ž│┘ģ ž¦┘äž╣┘å┘łž¦┘å (┘ģž½┘äž¦┘ŗ: ž¦┘ä┘ģ┘åž▓┘äžī ž¦┘äž╣┘ģ┘ä)',
  `details` text COMMENT 'ž¬┘üž¦žĄ┘Ŗ┘ä ž¦┘äž╣┘å┘łž¦┘å ž¦┘ä┘āž¦┘ģ┘äž®',
  `user_id` int NOT NULL,
  PRIMARY KEY (`id`),
  KEY `fk_addresses_user` (`user_id`),
  CONSTRAINT `fk_addresses_user` FOREIGN KEY (`user_id`) REFERENCES `users` (`user_id`) ON DELETE CASCADE ON UPDATE CASCADE
) ENGINE=InnoDB DEFAULT CHARSET=utf8mb4 COLLATE=utf8mb4_0900_ai_ci;
/*!40101 SET character_set_client = @saved_cs_client */;

--
-- Dumping data for table `addresses`
--

LOCK TABLES `addresses` WRITE;
/*!40000 ALTER TABLE `addresses` DISABLE KEYS */;
/*!40000 ALTER TABLE `addresses` ENABLE KEYS */;
UNLOCK TABLES;

--
-- Table structure for table `auth_group`
--

DROP TABLE IF EXISTS `auth_group`;
/*!40101 SET @saved_cs_client     = @@character_set_client */;
/*!50503 SET character_set_client = utf8mb4 */;
CREATE TABLE `auth_group` (
  `id` int NOT NULL AUTO_INCREMENT,
  `name` varchar(150) NOT NULL,
  PRIMARY KEY (`id`),
  UNIQUE KEY `name` (`name`)
) ENGINE=InnoDB DEFAULT CHARSET=utf8mb4 COLLATE=utf8mb4_0900_ai_ci;
/*!40101 SET character_set_client = @saved_cs_client */;

--
-- Dumping data for table `auth_group`
--

LOCK TABLES `auth_group` WRITE;
/*!40000 ALTER TABLE `auth_group` DISABLE KEYS */;
/*!40000 ALTER TABLE `auth_group` ENABLE KEYS */;
UNLOCK TABLES;

--
-- Table structure for table `auth_group_permissions`
--

DROP TABLE IF EXISTS `auth_group_permissions`;
/*!40101 SET @saved_cs_client     = @@character_set_client */;
/*!50503 SET character_set_client = utf8mb4 */;
CREATE TABLE `auth_group_permissions` (
  `id` bigint NOT NULL AUTO_INCREMENT,
  `group_id` int NOT NULL,
  `permission_id` int NOT NULL,
  PRIMARY KEY (`id`),
  UNIQUE KEY `auth_group_permissions_group_id_permission_id_0cd325b0_uniq` (`group_id`,`permission_id`),
  KEY `auth_group_permissio_permission_id_84c5c92e_fk_auth_perm` (`permission_id`),
  CONSTRAINT `auth_group_permissio_permission_id_84c5c92e_fk_auth_perm` FOREIGN KEY (`permission_id`) REFERENCES `auth_permission` (`id`),
  CONSTRAINT `auth_group_permissions_group_id_b120cbf9_fk_auth_group_id` FOREIGN KEY (`group_id`) REFERENCES `auth_group` (`id`)
) ENGINE=InnoDB DEFAULT CHARSET=utf8mb4 COLLATE=utf8mb4_0900_ai_ci;
/*!40101 SET character_set_client = @saved_cs_client */;

--
-- Dumping data for table `auth_group_permissions`
--

LOCK TABLES `auth_group_permissions` WRITE;
/*!40000 ALTER TABLE `auth_group_permissions` DISABLE KEYS */;
/*!40000 ALTER TABLE `auth_group_permissions` ENABLE KEYS */;
UNLOCK TABLES;

--
-- Table structure for table `auth_permission`
--

DROP TABLE IF EXISTS `auth_permission`;
/*!40101 SET @saved_cs_client     = @@character_set_client */;
/*!50503 SET character_set_client = utf8mb4 */;
CREATE TABLE `auth_permission` (
  `id` int NOT NULL AUTO_INCREMENT,
  `name` varchar(255) NOT NULL,
  `content_type_id` int NOT NULL,
  `codename` varchar(100) NOT NULL,
  PRIMARY KEY (`id`),
  UNIQUE KEY `auth_permission_content_type_id_codename_01ab375a_uniq` (`content_type_id`,`codename`),
  CONSTRAINT `auth_permission_content_type_id_2f476e4b_fk_django_co` FOREIGN KEY (`content_type_id`) REFERENCES `django_content_type` (`id`)
) ENGINE=InnoDB AUTO_INCREMENT=53 DEFAULT CHARSET=utf8mb4 COLLATE=utf8mb4_0900_ai_ci;
/*!40101 SET character_set_client = @saved_cs_client */;

--
-- Dumping data for table `auth_permission`
--

LOCK TABLES `auth_permission` WRITE;
/*!40000 ALTER TABLE `auth_permission` DISABLE KEYS */;
INSERT INTO `auth_permission` VALUES (1,'Can add log entry',1,'add_logentry'),(2,'Can change log entry',1,'change_logentry'),(3,'Can delete log entry',1,'delete_logentry'),(4,'Can view log entry',1,'view_logentry'),(5,'Can add permission',2,'add_permission'),(6,'Can change permission',2,'change_permission'),(7,'Can delete permission',2,'delete_permission'),(8,'Can view permission',2,'view_permission'),(9,'Can add group',3,'add_group'),(10,'Can change group',3,'change_group'),(11,'Can delete group',3,'delete_group'),(12,'Can view group',3,'view_group'),(13,'Can add user',4,'add_user'),(14,'Can change user',4,'change_user'),(15,'Can delete user',4,'delete_user'),(16,'Can view user',4,'view_user'),(17,'Can add content type',5,'add_contenttype'),(18,'Can change content type',5,'change_contenttype'),(19,'Can delete content type',5,'delete_contenttype'),(20,'Can view content type',5,'view_contenttype'),(21,'Can add session',6,'add_session'),(22,'Can change session',6,'change_session'),(23,'Can delete session',6,'delete_session'),(24,'Can view session',6,'view_session'),(25,'Can add orders',7,'add_orders'),(26,'Can change orders',7,'change_orders'),(27,'Can delete orders',7,'delete_orders'),(28,'Can view orders',7,'view_orders'),(29,'Can add permissions',8,'add_permissions'),(30,'Can change permissions',8,'change_permissions'),(31,'Can delete permissions',8,'delete_permissions'),(32,'Can view permissions',8,'view_permissions'),(33,'Can add products',9,'add_products'),(34,'Can change products',9,'change_products'),(35,'Can delete products',9,'delete_products'),(36,'Can view products',9,'view_products'),(37,'Can add role permissions',10,'add_rolepermissions'),(38,'Can change role permissions',10,'change_rolepermissions'),(39,'Can delete role permissions',10,'delete_rolepermissions'),(40,'Can view role permissions',10,'view_rolepermissions'),(41,'Can add roles',11,'add_roles'),(42,'Can change roles',11,'change_roles'),(43,'Can delete roles',11,'delete_roles'),(44,'Can view roles',11,'view_roles'),(45,'Can add seller requests',12,'add_sellerrequests'),(46,'Can change seller requests',12,'change_sellerrequests'),(47,'Can delete seller requests',12,'delete_sellerrequests'),(48,'Can view seller requests',12,'view_sellerrequests'),(49,'Can add users',13,'add_users'),(50,'Can change users',13,'change_users'),(51,'Can delete users',13,'delete_users'),(52,'Can view users',13,'view_users');
/*!40000 ALTER TABLE `auth_permission` ENABLE KEYS */;
UNLOCK TABLES;

--
-- Table structure for table `auth_user`
--

DROP TABLE IF EXISTS `auth_user`;
/*!40101 SET @saved_cs_client     = @@character_set_client */;
/*!50503 SET character_set_client = utf8mb4 */;
CREATE TABLE `auth_user` (
  `id` int NOT NULL AUTO_INCREMENT,
  `password` varchar(128) NOT NULL,
  `last_login` datetime(6) DEFAULT NULL,
  `is_superuser` tinyint(1) NOT NULL,
  `username` varchar(150) NOT NULL,
  `first_name` varchar(150) NOT NULL,
  `last_name` varchar(150) NOT NULL,
  `email` varchar(254) NOT NULL,
  `is_staff` tinyint(1) NOT NULL,
  `is_active` tinyint(1) NOT NULL,
  `date_joined` datetime(6) NOT NULL,
  PRIMARY KEY (`id`),
  UNIQUE KEY `username` (`username`)
) ENGINE=InnoDB DEFAULT CHARSET=utf8mb4 COLLATE=utf8mb4_0900_ai_ci;
/*!40101 SET character_set_client = @saved_cs_client */;

--
-- Dumping data for table `auth_user`
--

LOCK TABLES `auth_user` WRITE;
/*!40000 ALTER TABLE `auth_user` DISABLE KEYS */;
/*!40000 ALTER TABLE `auth_user` ENABLE KEYS */;
UNLOCK TABLES;

--
-- Table structure for table `auth_user_groups`
--

DROP TABLE IF EXISTS `auth_user_groups`;
/*!40101 SET @saved_cs_client     = @@character_set_client */;
/*!50503 SET character_set_client = utf8mb4 */;
CREATE TABLE `auth_user_groups` (
  `id` bigint NOT NULL AUTO_INCREMENT,
  `user_id` int NOT NULL,
  `group_id` int NOT NULL,
  PRIMARY KEY (`id`),
  UNIQUE KEY `auth_user_groups_user_id_group_id_94350c0c_uniq` (`user_id`,`group_id`),
  KEY `auth_user_groups_group_id_97559544_fk_auth_group_id` (`group_id`),
  CONSTRAINT `auth_user_groups_group_id_97559544_fk_auth_group_id` FOREIGN KEY (`group_id`) REFERENCES `auth_group` (`id`),
  CONSTRAINT `auth_user_groups_user_id_6a12ed8b_fk_auth_user_id` FOREIGN KEY (`user_id`) REFERENCES `auth_user` (`id`)
) ENGINE=InnoDB DEFAULT CHARSET=utf8mb4 COLLATE=utf8mb4_0900_ai_ci;
/*!40101 SET character_set_client = @saved_cs_client */;

--
-- Dumping data for table `auth_user_groups`
--

LOCK TABLES `auth_user_groups` WRITE;
/*!40000 ALTER TABLE `auth_user_groups` DISABLE KEYS */;
/*!40000 ALTER TABLE `auth_user_groups` ENABLE KEYS */;
UNLOCK TABLES;

--
-- Table structure for table `auth_user_user_permissions`
--

DROP TABLE IF EXISTS `auth_user_user_permissions`;
/*!40101 SET @saved_cs_client     = @@character_set_client */;
/*!50503 SET character_set_client = utf8mb4 */;
CREATE TABLE `auth_user_user_permissions` (
  `id` bigint NOT NULL AUTO_INCREMENT,
  `user_id` int NOT NULL,
  `permission_id` int NOT NULL,
  PRIMARY KEY (`id`),
  UNIQUE KEY `auth_user_user_permissions_user_id_permission_id_14a6b632_uniq` (`user_id`,`permission_id`),
  KEY `auth_user_user_permi_permission_id_1fbb5f2c_fk_auth_perm` (`permission_id`),
  CONSTRAINT `auth_user_user_permi_permission_id_1fbb5f2c_fk_auth_perm` FOREIGN KEY (`permission_id`) REFERENCES `auth_permission` (`id`),
  CONSTRAINT `auth_user_user_permissions_user_id_a95ead1b_fk_auth_user_id` FOREIGN KEY (`user_id`) REFERENCES `auth_user` (`id`)
) ENGINE=InnoDB DEFAULT CHARSET=utf8mb4 COLLATE=utf8mb4_0900_ai_ci;
/*!40101 SET character_set_client = @saved_cs_client */;

--
-- Dumping data for table `auth_user_user_permissions`
--

LOCK TABLES `auth_user_user_permissions` WRITE;
/*!40000 ALTER TABLE `auth_user_user_permissions` DISABLE KEYS */;
/*!40000 ALTER TABLE `auth_user_user_permissions` ENABLE KEYS */;
UNLOCK TABLES;

--
-- Table structure for table `chatrequests`
--

DROP TABLE IF EXISTS `chatrequests`;
/*!40101 SET @saved_cs_client     = @@character_set_client */;
/*!50503 SET character_set_client = utf8mb4 */;
CREATE TABLE `chatrequests` (
  `id` int NOT NULL AUTO_INCREMENT,
  `sender_id` int DEFAULT NULL,
  `receiver_id` int DEFAULT NULL,
  `status` varchar(20) DEFAULT 'Pending',
  `product_id` int DEFAULT NULL,
  `created_at` timestamp NULL DEFAULT CURRENT_TIMESTAMP,
  PRIMARY KEY (`id`)
) ENGINE=InnoDB AUTO_INCREMENT=17 DEFAULT CHARSET=utf8mb4 COLLATE=utf8mb4_0900_ai_ci;
/*!40101 SET character_set_client = @saved_cs_client */;

--
-- Dumping data for table `chatrequests`
--

LOCK TABLES `chatrequests` WRITE;
/*!40000 ALTER TABLE `chatrequests` DISABLE KEYS */;
INSERT INTO `chatrequests` VALUES (1,5,NULL,'Pending',NULL,'2026-03-25 06:20:18'),(2,6,NULL,'Pending',NULL,'2026-03-25 06:25:55'),(3,6,NULL,'Pending',NULL,'2026-03-25 06:37:47'),(4,6,NULL,'Pending',NULL,'2026-03-25 06:37:54'),(5,6,NULL,'Pending',NULL,'2026-03-25 06:38:19'),(6,6,NULL,'Pending',NULL,'2026-03-25 06:38:24'),(7,6,NULL,'Pending',NULL,'2026-03-25 06:38:41'),(8,5,NULL,'Pending',NULL,'2026-03-25 06:41:18'),(9,5,NULL,'Pending',NULL,'2026-03-25 06:41:27'),(10,5,NULL,'Pending',NULL,'2026-03-25 06:41:32'),(11,6,NULL,'Pending',NULL,'2026-03-25 06:49:30'),(12,6,NULL,'Pending',NULL,'2026-03-25 06:49:35'),(13,6,NULL,'Pending',NULL,'2026-03-25 06:49:40'),(14,5,NULL,'Pending',NULL,'2026-03-25 06:55:13'),(15,5,NULL,'Pending',NULL,'2026-03-25 06:55:18'),(16,5,NULL,'Pending',NULL,'2026-03-25 06:55:22');
/*!40000 ALTER TABLE `chatrequests` ENABLE KEYS */;
UNLOCK TABLES;

--
-- Table structure for table `django_admin_log`
--

DROP TABLE IF EXISTS `django_admin_log`;
/*!40101 SET @saved_cs_client     = @@character_set_client */;
/*!50503 SET character_set_client = utf8mb4 */;
CREATE TABLE `django_admin_log` (
  `id` int NOT NULL AUTO_INCREMENT,
  `action_time` datetime(6) NOT NULL,
  `object_id` longtext,
  `object_repr` varchar(200) NOT NULL,
  `action_flag` smallint unsigned NOT NULL,
  `change_message` longtext NOT NULL,
  `content_type_id` int DEFAULT NULL,
  `user_id` int NOT NULL,
  PRIMARY KEY (`id`),
  KEY `django_admin_log_content_type_id_c4bce8eb_fk_django_co` (`content_type_id`),
  KEY `django_admin_log_user_id_c564eba6_fk_auth_user_id` (`user_id`),
  CONSTRAINT `django_admin_log_content_type_id_c4bce8eb_fk_django_co` FOREIGN KEY (`content_type_id`) REFERENCES `django_content_type` (`id`),
  CONSTRAINT `django_admin_log_user_id_c564eba6_fk_auth_user_id` FOREIGN KEY (`user_id`) REFERENCES `auth_user` (`id`),
  CONSTRAINT `django_admin_log_chk_1` CHECK ((`action_flag` >= 0))
) ENGINE=InnoDB DEFAULT CHARSET=utf8mb4 COLLATE=utf8mb4_0900_ai_ci;
/*!40101 SET character_set_client = @saved_cs_client */;

--
-- Dumping data for table `django_admin_log`
--

LOCK TABLES `django_admin_log` WRITE;
/*!40000 ALTER TABLE `django_admin_log` DISABLE KEYS */;
/*!40000 ALTER TABLE `django_admin_log` ENABLE KEYS */;
UNLOCK TABLES;

--
-- Table structure for table `django_content_type`
--

DROP TABLE IF EXISTS `django_content_type`;
/*!40101 SET @saved_cs_client     = @@character_set_client */;
/*!50503 SET character_set_client = utf8mb4 */;
CREATE TABLE `django_content_type` (
  `id` int NOT NULL AUTO_INCREMENT,
  `app_label` varchar(100) NOT NULL,
  `model` varchar(100) NOT NULL,
  PRIMARY KEY (`id`),
  UNIQUE KEY `django_content_type_app_label_model_76bd3d3b_uniq` (`app_label`,`model`)
) ENGINE=InnoDB AUTO_INCREMENT=14 DEFAULT CHARSET=utf8mb4 COLLATE=utf8mb4_0900_ai_ci;
/*!40101 SET character_set_client = @saved_cs_client */;

--
-- Dumping data for table `django_content_type`
--

LOCK TABLES `django_content_type` WRITE;
/*!40000 ALTER TABLE `django_content_type` DISABLE KEYS */;
INSERT INTO `django_content_type` VALUES (1,'admin','logentry'),(7,'admin_api','orders'),(8,'admin_api','permissions'),(9,'admin_api','products'),(10,'admin_api','rolepermissions'),(11,'admin_api','roles'),(12,'admin_api','sellerrequests'),(13,'admin_api','users'),(3,'auth','group'),(2,'auth','permission'),(4,'auth','user'),(5,'contenttypes','contenttype'),(6,'sessions','session');
/*!40000 ALTER TABLE `django_content_type` ENABLE KEYS */;
UNLOCK TABLES;

--
-- Table structure for table `django_migrations`
--

DROP TABLE IF EXISTS `django_migrations`;
/*!40101 SET @saved_cs_client     = @@character_set_client */;
/*!50503 SET character_set_client = utf8mb4 */;
CREATE TABLE `django_migrations` (
  `id` bigint NOT NULL AUTO_INCREMENT,
  `app` varchar(255) NOT NULL,
  `name` varchar(255) NOT NULL,
  `applied` datetime(6) NOT NULL,
  PRIMARY KEY (`id`)
) ENGINE=InnoDB AUTO_INCREMENT=20 DEFAULT CHARSET=utf8mb4 COLLATE=utf8mb4_0900_ai_ci;
/*!40101 SET character_set_client = @saved_cs_client */;

--
-- Dumping data for table `django_migrations`
--

LOCK TABLES `django_migrations` WRITE;
/*!40000 ALTER TABLE `django_migrations` DISABLE KEYS */;
INSERT INTO `django_migrations` VALUES (1,'contenttypes','0001_initial','2026-02-21 06:53:34.832219'),(2,'auth','0001_initial','2026-02-21 06:53:35.375654'),(3,'admin','0001_initial','2026-02-21 06:53:35.513619'),(4,'admin','0002_logentry_remove_auto_add','2026-02-21 06:53:35.520026'),(5,'admin','0003_logentry_add_action_flag_choices','2026-02-21 06:53:35.526517'),(6,'admin_api','0001_initial','2026-02-21 06:53:35.532464'),(7,'contenttypes','0002_remove_content_type_name','2026-02-21 06:53:35.642372'),(8,'auth','0002_alter_permission_name_max_length','2026-02-21 06:53:35.702459'),(9,'auth','0003_alter_user_email_max_length','2026-02-21 06:53:35.723856'),(10,'auth','0004_alter_user_username_opts','2026-02-21 06:53:35.729961'),(11,'auth','0005_alter_user_last_login_null','2026-02-21 06:53:35.792407'),(12,'auth','0006_require_contenttypes_0002','2026-02-21 06:53:35.795309'),(13,'auth','0007_alter_validators_add_error_messages','2026-02-21 06:53:35.801598'),(14,'auth','0008_alter_user_username_max_length','2026-02-21 06:53:35.871016'),(15,'auth','0009_alter_user_last_name_max_length','2026-02-21 06:53:35.934304'),(16,'auth','0010_alter_group_name_max_length','2026-02-21 06:53:35.951111'),(17,'auth','0011_update_proxy_permissions','2026-02-21 06:53:35.964175'),(18,'auth','0012_alter_user_first_name_max_length','2026-02-21 06:53:36.026167'),(19,'sessions','0001_initial','2026-02-21 06:53:36.061085');
/*!40000 ALTER TABLE `django_migrations` ENABLE KEYS */;
UNLOCK TABLES;

--
-- Table structure for table `django_session`
--

DROP TABLE IF EXISTS `django_session`;
/*!40101 SET @saved_cs_client     = @@character_set_client */;
/*!50503 SET character_set_client = utf8mb4 */;
CREATE TABLE `django_session` (
  `session_key` varchar(40) NOT NULL,
  `session_data` longtext NOT NULL,
  `expire_date` datetime(6) NOT NULL,
  PRIMARY KEY (`session_key`),
  KEY `django_session_expire_date_a5c62663` (`expire_date`)
) ENGINE=InnoDB DEFAULT CHARSET=utf8mb4 COLLATE=utf8mb4_0900_ai_ci;
/*!40101 SET character_set_client = @saved_cs_client */;

--
-- Dumping data for table `django_session`
--

LOCK TABLES `django_session` WRITE;
/*!40000 ALTER TABLE `django_session` DISABLE KEYS */;
/*!40000 ALTER TABLE `django_session` ENABLE KEYS */;
UNLOCK TABLES;

--
-- Table structure for table `messages`
--

DROP TABLE IF EXISTS `messages`;
/*!40101 SET @saved_cs_client     = @@character_set_client */;
/*!50503 SET character_set_client = utf8mb4 */;
CREATE TABLE `messages` (
  `message_id` int NOT NULL AUTO_INCREMENT,
  `sender_id` int DEFAULT NULL,
  `receiver_id` int DEFAULT NULL,
  `message_text` text,
  `is_admin_reply` tinyint(1) DEFAULT '0',
  `created_at` timestamp NULL DEFAULT CURRENT_TIMESTAMP,
  PRIMARY KEY (`message_id`),
  KEY `sender_id` (`sender_id`),
  CONSTRAINT `messages_ibfk_1` FOREIGN KEY (`sender_id`) REFERENCES `users` (`user_id`)
) ENGINE=InnoDB AUTO_INCREMENT=19 DEFAULT CHARSET=utf8mb4 COLLATE=utf8mb4_0900_ai_ci;
/*!40101 SET character_set_client = @saved_cs_client */;

--
-- Dumping data for table `messages`
--

LOCK TABLES `messages` WRITE;
/*!40000 ALTER TABLE `messages` DISABLE KEYS */;
INSERT INTO `messages` VALUES (1,1,5,'Welcome',1,'2026-02-28 08:03:54'),(2,5,1,'ž©ž»┘Ŗ ž¦žČž▒ž©┘ā',0,'2026-02-28 08:04:42'),(3,1,5,'any thing',0,'2026-03-24 06:31:09'),(4,1,5,'any thing',0,'2026-03-24 06:31:43'),(5,1,5,'ANY THING',0,'2026-03-24 06:43:24'),(6,1,5,'dddd',0,'2026-03-24 06:43:31'),(7,1,5,'ddddd',0,'2026-03-24 06:43:32'),(8,1,1,'Any',0,'2026-03-24 06:46:51'),(9,1,1,'ffff',0,'2026-03-24 06:47:56'),(10,1,1,'žĪžĪžĪžĪžĪžĪžĪžĪžĪžĪ',0,'2026-03-24 06:50:16'),(11,1,1,'ž┤ž┤ž┤ž┤ž┤ž┤',0,'2026-03-24 06:52:15'),(12,1,5,'asmdmd',0,'2026-03-24 06:52:32'),(13,1,5,'any thing',0,'2026-03-24 12:52:14'),(14,1,6,'any',0,'2026-03-24 12:52:27'),(15,5,1,'žĪ┘äž¦┘äžĪ┘ä┘äž¦žĪž©┘äžĪ┘äž©┘äž¦',0,'2026-03-24 13:02:50'),(16,1,1,'Hello',0,'2026-04-11 07:05:50'),(17,1,5,'any',0,'2026-05-07 12:05:52'),(18,1,5,'ž┤ž┤ž┤ž┤',0,'2026-05-07 12:24:58');
/*!40000 ALTER TABLE `messages` ENABLE KEYS */;
UNLOCK TABLES;

--
-- Table structure for table `notifications`
--

DROP TABLE IF EXISTS `notifications`;
/*!40101 SET @saved_cs_client     = @@character_set_client */;
/*!50503 SET character_set_client = utf8mb4 */;
CREATE TABLE `notifications` (
  `id` int NOT NULL AUTO_INCREMENT,
  `user_id` int NOT NULL,
  `message` text NOT NULL,
  `is_read` tinyint(1) DEFAULT '0',
  `created_at` timestamp NULL DEFAULT CURRENT_TIMESTAMP,
  PRIMARY KEY (`id`),
  KEY `user_id` (`user_id`),
  CONSTRAINT `notifications_ibfk_1` FOREIGN KEY (`user_id`) REFERENCES `users` (`user_id`) ON DELETE CASCADE
) ENGINE=InnoDB AUTO_INCREMENT=8 DEFAULT CHARSET=utf8mb4 COLLATE=utf8mb4_0900_ai_ci;
/*!40101 SET character_set_client = @saved_cs_client */;

--
-- Dumping data for table `notifications`
--

LOCK TABLES `notifications` WRITE;
/*!40000 ALTER TABLE `notifications` DISABLE KEYS */;
INSERT INTO `notifications` VALUES (1,5,'? žĘ┘äž©┘ā ž▒┘é┘ģ 2 ┘ü┘Ŗ žĘž▒┘Ŗ┘é┘ć žź┘ä┘Ŗ┘ā ž¦┘äžó┘å ┘ģž╣ ┘ģ┘åž»┘łž© ž¦┘äž¬┘łžĄ┘Ŗ┘ä!',0,'2026-05-07 11:54:15'),(2,5,'? žĘ┘äž©┘ā ž▒┘é┘ģ 2 ┘ü┘Ŗ žĘž▒┘Ŗ┘é┘ć žź┘ä┘Ŗ┘ā ž¦┘äžó┘å ┘ģž╣ ┘ģ┘åž»┘łž© ž¦┘äž¬┘łžĄ┘Ŗ┘ä!',0,'2026-05-07 11:54:17'),(3,5,'? žĘ┘äž©┘ā ž▒┘é┘ģ 2 ┘ü┘Ŗ žĘž▒┘Ŗ┘é┘ć žź┘ä┘Ŗ┘ā ž¦┘äžó┘å ┘ģž╣ ┘ģ┘åž»┘łž© ž¦┘äž¬┘łžĄ┘Ŗ┘ä!',0,'2026-05-07 11:54:19'),(4,5,'? žĘ┘äž©┘ā ž▒┘é┘ģ 2 ┘ü┘Ŗ žĘž▒┘Ŗ┘é┘ć žź┘ä┘Ŗ┘ā ž¦┘äžó┘å ┘ģž╣ ┘ģ┘åž»┘łž© ž¦┘äž¬┘łžĄ┘Ŗ┘ä!',0,'2026-05-07 11:54:21'),(5,5,'? žĘ┘äž©┘ā ž▒┘é┘ģ 2 ┘ü┘Ŗ žĘž▒┘Ŗ┘é┘ć žź┘ä┘Ŗ┘ā ž¦┘äžó┘å ┘ģž╣ ┘ģ┘åž»┘łž© ž¦┘äž¬┘łžĄ┘Ŗ┘ä!',0,'2026-05-07 11:54:22'),(6,5,'? žĘ┘äž©┘ā ž▒┘é┘ģ 2 ┘ü┘Ŗ žĘž▒┘Ŗ┘é┘ć žź┘ä┘Ŗ┘ā ž¦┘äžó┘å ┘ģž╣ ┘ģ┘åž»┘łž© ž¦┘äž¬┘łžĄ┘Ŗ┘ä!',0,'2026-05-07 11:54:23'),(7,5,'? žĘ┘äž©┘ā ž▒┘é┘ģ 2 ┘ü┘Ŗ žĘž▒┘Ŗ┘é┘ć žź┘ä┘Ŗ┘ā ž¦┘äžó┘å ┘ģž╣ ┘ģ┘åž»┘łž© ž¦┘äž¬┘łžĄ┘Ŗ┘ä!',0,'2026-05-07 11:54:28');
/*!40000 ALTER TABLE `notifications` ENABLE KEYS */;
UNLOCK TABLES;

--
-- Table structure for table `orders`
--

DROP TABLE IF EXISTS `orders`;
/*!40101 SET @saved_cs_client     = @@character_set_client */;
/*!50503 SET character_set_client = utf8mb4 */;
CREATE TABLE `orders` (
  `order_id` int NOT NULL AUTO_INCREMENT,
  `buyer_id` int DEFAULT NULL,
  `seller_id` int DEFAULT NULL,
  `product_id` int DEFAULT NULL,
  `amount` decimal(10,2) NOT NULL,
  `qr_code_token` varchar(255) NOT NULL,
  `order_status` enum('paid','delivered','cancelled') DEFAULT 'paid',
  `created_at` timestamp NULL DEFAULT CURRENT_TIMESTAMP,
  `delivery_date` timestamp NULL DEFAULT NULL,
  PRIMARY KEY (`order_id`),
  UNIQUE KEY `qr_code_token` (`qr_code_token`),
  KEY `buyer_id` (`buyer_id`),
  KEY `seller_id` (`seller_id`),
  KEY `product_id` (`product_id`),
  CONSTRAINT `orders_ibfk_1` FOREIGN KEY (`buyer_id`) REFERENCES `users` (`user_id`),
  CONSTRAINT `orders_ibfk_2` FOREIGN KEY (`seller_id`) REFERENCES `users` (`user_id`),
  CONSTRAINT `orders_ibfk_3` FOREIGN KEY (`product_id`) REFERENCES `products` (`id`)
) ENGINE=InnoDB DEFAULT CHARSET=utf8mb4 COLLATE=utf8mb4_0900_ai_ci;
/*!40101 SET character_set_client = @saved_cs_client */;

--
-- Dumping data for table `orders`
--

LOCK TABLES `orders` WRITE;
/*!40000 ALTER TABLE `orders` DISABLE KEYS */;
/*!40000 ALTER TABLE `orders` ENABLE KEYS */;
UNLOCK TABLES;

--
-- Table structure for table `permissions`
--

DROP TABLE IF EXISTS `permissions`;
/*!40101 SET @saved_cs_client     = @@character_set_client */;
/*!50503 SET character_set_client = utf8mb4 */;
CREATE TABLE `permissions` (
  `permission_id` int NOT NULL AUTO_INCREMENT,
  `permission_name` varchar(100) NOT NULL,
  PRIMARY KEY (`permission_id`)
) ENGINE=InnoDB AUTO_INCREMENT=7 DEFAULT CHARSET=utf8mb4 COLLATE=utf8mb4_0900_ai_ci;
/*!40101 SET character_set_client = @saved_cs_client */;

--
-- Dumping data for table `permissions`
--

LOCK TABLES `permissions` WRITE;
/*!40000 ALTER TABLE `permissions` DISABLE KEYS */;
INSERT INTO `permissions` VALUES (1,'APPROVE_SELLER_REQUEST'),(2,'APPROVE_PRODUCT'),(3,'MANAGE_USERS'),(4,'ADD_PRODUCT'),(5,'VIEW_SALES_REPORT'),(6,'BUY_PRODUCT');
/*!40000 ALTER TABLE `permissions` ENABLE KEYS */;
UNLOCK TABLES;

--
-- Table structure for table `products`
--

DROP TABLE IF EXISTS `products`;
/*!40101 SET @saved_cs_client     = @@character_set_client */;
/*!50503 SET character_set_client = utf8mb4 */;
CREATE TABLE `products` (
  `id` int NOT NULL AUTO_INCREMENT,
  `seller_id` int DEFAULT NULL,
  `buyer_id` int DEFAULT NULL,
  `name` varchar(255) DEFAULT NULL,
  `price` decimal(10,2) NOT NULL,
  `image_url` varchar(255) DEFAULT NULL,
  `description` text,
  `created_at` timestamp NULL DEFAULT CURRENT_TIMESTAMP,
  `status` enum('pending','approved','rejected') DEFAULT 'pending',
  PRIMARY KEY (`id`),
  KEY `seller_id` (`seller_id`),
  KEY `fk_product_buyer` (`buyer_id`),
  CONSTRAINT `fk_product_buyer` FOREIGN KEY (`buyer_id`) REFERENCES `users` (`user_id`),
  CONSTRAINT `products_ibfk_1` FOREIGN KEY (`seller_id`) REFERENCES `users` (`user_id`)
) ENGINE=InnoDB AUTO_INCREMENT=5 DEFAULT CHARSET=utf8mb4 COLLATE=utf8mb4_0900_ai_ci;
/*!40101 SET character_set_client = @saved_cs_client */;

--
-- Dumping data for table `products`
--

LOCK TABLES `products` WRITE;
/*!40000 ALTER TABLE `products` DISABLE KEYS */;
INSERT INTO `products` VALUES (1,5,NULL,'┘ā┘ł┘āž¦┘Ŗ┘Ŗ┘å',25.00,'https://th.bing.com/th/id/OIP.O56JIYxmiAR3vHzVaTYAXAHaLH?w=77&h=108&c=7&qlt=90&bgcl=e6c409&r=0&o=6&dpr=1.3&pid=13.1','ž«ž¦┘ģž® ┘åžČ┘Ŗ┘üž®','2026-03-19 08:34:00','approved'),(2,5,NULL,'ž│┘Ŗž¦ž▒ž®',2500.00,'http://127.0.0.1:8000/media/products/Gemini_Generated_Image_jxd8qfjxd8qfjxd8.png','ž┤┘ł ┘ģž¦ ┘āž¦┘å','2026-03-19 08:55:02','approved'),(3,5,NULL,'xd',2223.00,'http://127.0.0.1:8000/media/products/Vortex.jpg','2345','2026-03-21 06:45:25','approved'),(4,5,NULL,'any',599.00,'products/Gemini_Generated_Image_jxd8qfjxd8qfjxd8_GbYWSRn.png','this product is good','2026-04-21 20:19:14','approved');
/*!40000 ALTER TABLE `products` ENABLE KEYS */;
UNLOCK TABLES;

--
-- Table structure for table `qrtransactions`
--

DROP TABLE IF EXISTS `qrtransactions`;
/*!40101 SET @saved_cs_client     = @@character_set_client */;
/*!50503 SET character_set_client = utf8mb4 */;
CREATE TABLE `qrtransactions` (
  `id` int NOT NULL AUTO_INCREMENT,
  `store_name` varchar(255) DEFAULT NULL,
  `qr_type` varchar(50) DEFAULT NULL,
  `amount` decimal(10,2) DEFAULT NULL,
  `status` enum('Pending','Completed') DEFAULT 'Pending',
  `seller_id` int DEFAULT NULL,
  PRIMARY KEY (`id`)
) ENGINE=InnoDB DEFAULT CHARSET=utf8mb4 COLLATE=utf8mb4_0900_ai_ci;
/*!40101 SET character_set_client = @saved_cs_client */;

--
-- Dumping data for table `qrtransactions`
--

LOCK TABLES `qrtransactions` WRITE;
/*!40000 ALTER TABLE `qrtransactions` DISABLE KEYS */;
/*!40000 ALTER TABLE `qrtransactions` ENABLE KEYS */;
UNLOCK TABLES;

--
-- Table structure for table `role_permissions`
--

DROP TABLE IF EXISTS `role_permissions`;
/*!40101 SET @saved_cs_client     = @@character_set_client */;
/*!50503 SET character_set_client = utf8mb4 */;
CREATE TABLE `role_permissions` (
  `role_id` int NOT NULL,
  `permission_id` int NOT NULL,
  PRIMARY KEY (`role_id`,`permission_id`),
  KEY `permission_id` (`permission_id`),
  CONSTRAINT `role_permissions_ibfk_1` FOREIGN KEY (`role_id`) REFERENCES `roles` (`role_id`),
  CONSTRAINT `role_permissions_ibfk_2` FOREIGN KEY (`permission_id`) REFERENCES `permissions` (`permission_id`)
) ENGINE=InnoDB DEFAULT CHARSET=utf8mb4 COLLATE=utf8mb4_0900_ai_ci;
/*!40101 SET character_set_client = @saved_cs_client */;

--
-- Dumping data for table `role_permissions`
--

LOCK TABLES `role_permissions` WRITE;
/*!40000 ALTER TABLE `role_permissions` DISABLE KEYS */;
/*!40000 ALTER TABLE `role_permissions` ENABLE KEYS */;
UNLOCK TABLES;

--
-- Table structure for table `roles`
--

DROP TABLE IF EXISTS `roles`;
/*!40101 SET @saved_cs_client     = @@character_set_client */;
/*!50503 SET character_set_client = utf8mb4 */;
CREATE TABLE `roles` (
  `role_id` int NOT NULL AUTO_INCREMENT,
  `role_name` varchar(50) NOT NULL,
  PRIMARY KEY (`role_id`)
) ENGINE=InnoDB AUTO_INCREMENT=4 DEFAULT CHARSET=utf8mb4 COLLATE=utf8mb4_0900_ai_ci;
/*!40101 SET character_set_client = @saved_cs_client */;

--
-- Dumping data for table `roles`
--

LOCK TABLES `roles` WRITE;
/*!40000 ALTER TABLE `roles` DISABLE KEYS */;
INSERT INTO `roles` VALUES (1,'Admin'),(2,'Seller'),(3,'Buyer');
/*!40000 ALTER TABLE `roles` ENABLE KEYS */;
UNLOCK TABLES;

--
-- Table structure for table `seller_requests`
--

DROP TABLE IF EXISTS `seller_requests`;
/*!40101 SET @saved_cs_client     = @@character_set_client */;
/*!50503 SET character_set_client = utf8mb4 */;
CREATE TABLE `seller_requests` (
  `request_id` int NOT NULL AUTO_INCREMENT,
  `user_id` int DEFAULT NULL,
  `store_name` varchar(100) DEFAULT NULL,
  `store_description` text,
  `status` enum('pending','approved','rejected') DEFAULT 'pending',
  `admin_notes` text,
  `request_date` timestamp NULL DEFAULT CURRENT_TIMESTAMP,
  PRIMARY KEY (`request_id`),
  KEY `user_id` (`user_id`),
  CONSTRAINT `seller_requests_ibfk_1` FOREIGN KEY (`user_id`) REFERENCES `users` (`user_id`)
) ENGINE=InnoDB DEFAULT CHARSET=utf8mb4 COLLATE=utf8mb4_0900_ai_ci;
/*!40101 SET character_set_client = @saved_cs_client */;

--
-- Dumping data for table `seller_requests`
--

LOCK TABLES `seller_requests` WRITE;
/*!40000 ALTER TABLE `seller_requests` DISABLE KEYS */;
/*!40000 ALTER TABLE `seller_requests` ENABLE KEYS */;
UNLOCK TABLES;

--
-- Table structure for table `shipments`
--

DROP TABLE IF EXISTS `shipments`;
/*!40101 SET @saved_cs_client     = @@character_set_client */;
/*!50503 SET character_set_client = utf8mb4 */;
CREATE TABLE `shipments` (
  `id` int NOT NULL AUTO_INCREMENT,
  `transaction_id` int DEFAULT NULL,
  `origin_station_id` int DEFAULT NULL,
  `destination_station_id` int DEFAULT NULL,
  `current_station_id` int DEFAULT NULL,
  `truck_id` int DEFAULT NULL,
  `status` enum('Pending Dropoff','At Origin Station','In Transit','At Destination Station','Out for Delivery','Delivered') DEFAULT 'Pending Dropoff',
  PRIMARY KEY (`id`),
  KEY `origin_station_id` (`origin_station_id`),
  KEY `destination_station_id` (`destination_station_id`),
  KEY `current_station_id` (`current_station_id`),
  KEY `truck_id` (`truck_id`),
  CONSTRAINT `shipments_ibfk_1` FOREIGN KEY (`origin_station_id`) REFERENCES `stations` (`id`),
  CONSTRAINT `shipments_ibfk_2` FOREIGN KEY (`destination_station_id`) REFERENCES `stations` (`id`),
  CONSTRAINT `shipments_ibfk_3` FOREIGN KEY (`current_station_id`) REFERENCES `stations` (`id`),
  CONSTRAINT `shipments_ibfk_4` FOREIGN KEY (`truck_id`) REFERENCES `trucks` (`id`)
) ENGINE=InnoDB DEFAULT CHARSET=utf8mb4 COLLATE=utf8mb4_0900_ai_ci;
/*!40101 SET character_set_client = @saved_cs_client */;

--
-- Dumping data for table `shipments`
--

LOCK TABLES `shipments` WRITE;
/*!40000 ALTER TABLE `shipments` DISABLE KEYS */;
/*!40000 ALTER TABLE `shipments` ENABLE KEYS */;
UNLOCK TABLES;

--
-- Table structure for table `station_products`
--

DROP TABLE IF EXISTS `station_products`;
/*!40101 SET @saved_cs_client     = @@character_set_client */;
/*!50503 SET character_set_client = utf8mb4 */;
CREATE TABLE `station_products` (
  `id` int NOT NULL AUTO_INCREMENT,
  `station_id` int DEFAULT NULL,
  `product_name` varchar(100) DEFAULT NULL,
  `quantity` int DEFAULT '0',
  `unit` varchar(20) DEFAULT NULL,
  PRIMARY KEY (`id`),
  KEY `station_id` (`station_id`),
  CONSTRAINT `station_products_ibfk_1` FOREIGN KEY (`station_id`) REFERENCES `stations` (`id`) ON DELETE CASCADE
) ENGINE=InnoDB DEFAULT CHARSET=utf8mb4 COLLATE=utf8mb4_0900_ai_ci;
/*!40101 SET character_set_client = @saved_cs_client */;

--
-- Dumping data for table `station_products`
--

LOCK TABLES `station_products` WRITE;
/*!40000 ALTER TABLE `station_products` DISABLE KEYS */;
/*!40000 ALTER TABLE `station_products` ENABLE KEYS */;
UNLOCK TABLES;

--
-- Table structure for table `stations`
--

DROP TABLE IF EXISTS `stations`;
/*!40101 SET @saved_cs_client     = @@character_set_client */;
/*!50503 SET character_set_client = utf8mb4 */;
CREATE TABLE `stations` (
  `id` int NOT NULL AUTO_INCREMENT,
  `name` varchar(100) NOT NULL,
  `city` varchar(50) NOT NULL,
  `location_details` text,
  PRIMARY KEY (`id`)
) ENGINE=InnoDB DEFAULT CHARSET=utf8mb4 COLLATE=utf8mb4_0900_ai_ci;
/*!40101 SET character_set_client = @saved_cs_client */;

--
-- Dumping data for table `stations`
--

LOCK TABLES `stations` WRITE;
/*!40000 ALTER TABLE `stations` DISABLE KEYS */;
/*!40000 ALTER TABLE `stations` ENABLE KEYS */;
UNLOCK TABLES;

--
-- Table structure for table `trucks`
--

DROP TABLE IF EXISTS `trucks`;
/*!40101 SET @saved_cs_client     = @@character_set_client */;
/*!50503 SET character_set_client = utf8mb4 */;
CREATE TABLE `trucks` (
  `id` int NOT NULL AUTO_INCREMENT,
  `plate_number` varchar(20) NOT NULL,
  `driver_name` varchar(100) DEFAULT NULL,
  `current_station_id` int DEFAULT NULL,
  `status` enum('Available','In Transit','Maintenance') DEFAULT 'Available',
  PRIMARY KEY (`id`),
  KEY `trucks_ibfk_1` (`current_station_id`),
  CONSTRAINT `trucks_ibfk_1` FOREIGN KEY (`current_station_id`) REFERENCES `stations` (`id`) ON DELETE SET NULL ON UPDATE CASCADE
) ENGINE=InnoDB DEFAULT CHARSET=utf8mb4 COLLATE=utf8mb4_0900_ai_ci;
/*!40101 SET character_set_client = @saved_cs_client */;

--
-- Dumping data for table `trucks`
--

LOCK TABLES `trucks` WRITE;
/*!40000 ALTER TABLE `trucks` DISABLE KEYS */;
/*!40000 ALTER TABLE `trucks` ENABLE KEYS */;
UNLOCK TABLES;

--
-- Table structure for table `useraddresses`
--

DROP TABLE IF EXISTS `useraddresses`;
/*!40101 SET @saved_cs_client     = @@character_set_client */;
/*!50503 SET character_set_client = utf8mb4 */;
CREATE TABLE `useraddresses` (
  `id` int NOT NULL AUTO_INCREMENT,
  `user_id` int DEFAULT NULL,
  `address_title` varchar(50) DEFAULT NULL,
  `full_address` text,
  `city` varchar(50) DEFAULT NULL,
  `is_default` tinyint(1) DEFAULT '0',
  PRIMARY KEY (`id`),
  KEY `user_id` (`user_id`),
  CONSTRAINT `useraddresses_ibfk_1` FOREIGN KEY (`user_id`) REFERENCES `users` (`user_id`)
) ENGINE=InnoDB DEFAULT CHARSET=utf8mb4 COLLATE=utf8mb4_0900_ai_ci;
/*!40101 SET character_set_client = @saved_cs_client */;

--
-- Dumping data for table `useraddresses`
--

LOCK TABLES `useraddresses` WRITE;
/*!40000 ALTER TABLE `useraddresses` DISABLE KEYS */;
/*!40000 ALTER TABLE `useraddresses` ENABLE KEYS */;
UNLOCK TABLES;

--
-- Table structure for table `users`
--

DROP TABLE IF EXISTS `users`;
/*!40101 SET @saved_cs_client     = @@character_set_client */;
/*!50503 SET character_set_client = utf8mb4 */;
CREATE TABLE `users` (
  `user_id` int NOT NULL AUTO_INCREMENT,
  `full_name` varchar(100) NOT NULL,
  `email` varchar(150) NOT NULL,
  `password_hash` varchar(255) NOT NULL,
  `role_id` int DEFAULT '1',
  `available_balance` decimal(10,2) DEFAULT '0.00',
  `pending_balance` decimal(10,2) DEFAULT '0.00',
  `created_at` timestamp NULL DEFAULT CURRENT_TIMESTAMP,
  `balance` decimal(10,2) DEFAULT '0.00',
  `user_type` enum('buyer','seller','admin') DEFAULT 'buyer',
  `phone` varchar(20) DEFAULT NULL,
  `nearest_station_id` int DEFAULT NULL,
  PRIMARY KEY (`user_id`),
  UNIQUE KEY `email` (`email`),
  KEY `nearest_station_id` (`nearest_station_id`),
  CONSTRAINT `users_ibfk_1` FOREIGN KEY (`nearest_station_id`) REFERENCES `stations` (`id`)
) ENGINE=InnoDB AUTO_INCREMENT=9 DEFAULT CHARSET=utf8mb4 COLLATE=utf8mb4_0900_ai_ci;
/*!40101 SET character_set_client = @saved_cs_client */;

--
-- Dumping data for table `users`
--

LOCK TABLES `users` WRITE;
/*!40000 ALTER TABLE `users` DISABLE KEYS */;
INSERT INTO `users` VALUES (1,'Admin Test','test@test.com','1234',3,0.00,0.00,'2026-02-21 15:07:46',400.00,'admin',NULL,NULL),(5,'Modar Abdallah','modar@gmail.com','1234',2,0.00,0.00,'2026-02-28 07:51:16',600.00,'seller',NULL,NULL),(6,'Mozart','modarabd@gmail.com','1234',2,0.00,0.00,'2026-03-21 07:53:04',0.00,'seller',NULL,NULL),(7,'ModarAbdullah','modarabdallah630@gmail.com','Modar2003',1,0.00,0.00,'2026-04-06 20:56:46',0.00,'buyer',NULL,NULL),(8,'Morad','modar655@gmail.com','1234',1,0.00,0.00,'2026-04-12 06:25:59',0.00,'buyer',NULL,NULL);
/*!40000 ALTER TABLE `users` ENABLE KEYS */;
UNLOCK TABLES;
SET @@SESSION.SQL_LOG_BIN = @MYSQLDUMP_TEMP_LOG_BIN;
/*!40103 SET TIME_ZONE=@OLD_TIME_ZONE */;

/*!40101 SET SQL_MODE=@OLD_SQL_MODE */;
/*!40014 SET FOREIGN_KEY_CHECKS=@OLD_FOREIGN_KEY_CHECKS */;
/*!40014 SET UNIQUE_CHECKS=@OLD_UNIQUE_CHECKS */;
/*!40101 SET CHARACTER_SET_CLIENT=@OLD_CHARACTER_SET_CLIENT */;
/*!40101 SET CHARACTER_SET_RESULTS=@OLD_CHARACTER_SET_RESULTS */;
/*!40101 SET COLLATION_CONNECTION=@OLD_COLLATION_CONNECTION */;
/*!40111 SET SQL_NOTES=@OLD_SQL_NOTES */;

-- Dump completed on 2026-05-07 13:58:05
